Row,Generation,AverageAttack,AverageDefense
2,Gen 1,76.63855422,70.86144578
3,Gen 2,72.02830189,73.38679245
4,Gen 3,81.625,74.1
5,Gen 4,82.8677686,78.1322314
6,Gen 5,82.06666667,72.32727273
7,Gen 6,75.80487805,76.68292683