Generation,Bug,Dark,Fire,Grass,Ground,Normal,Water
Generation 1,76.42857143,0,88.64285714,72.92307692,81.875,70.625,74.19354839
Generation 2,85.41666667,80.83333333,76.25,57,85,63.13333333,68.11111111
Generation 3,55.83333333,97.5,98.75,77.92307692,101.4285714,69.88888889,80.66666667
Generation 4,62.6,111.6666667,85,84,104.75,83.05555556,72.46153846
Generation 5,77.61111111,81.38461538,87.44444444,65.33333333,102.5,83.31578947,73.27777778
Generation 6,36.33333333,92.33333333,69.375,82.2,G,55.5,68